<?xml version="1.0" encoding="utf-8"?>
<extension type="library" version="3.2" method="upgrade">
    <name>Twizo plugin Library</name>
    <libraryname>TwizoPlugin</libraryname>
    <creationDate>26/09/2017</creationDate>
    <author>Twizo</author>
    <authorEmail>info@twizo.com</authorEmail>
    <authorUrl>http://twizo.com</authorUrl>
    <copyright>Copyright (c) 2016 Twizo</copyright>
    <version>0.1.0</version>
    <license>GNU/GPLv3 http://www.gnu.org/licenses/gpl-3.0.html</license>
    <description>
        Library files for twizo package
    </description>
    <files>
        <folder>src</folder>
        <file>LICENSE</file>
    </files>
</extension>